berita,tagging
faktanya sari turnbackhoax id merokok operasi khitan dianjurkan medis menghambat proses penyembuhan luka jahit nikotin rokok menyebabkan penyempitan pembuluh darah vasoconstriction mengurangi aliran darah area luka pasokan nutrisi oksigen jaringan rusak berkurang menghambat proses penyembuhan zat zat berbahaya asap rokok karbon monoksida mengurangi kadar oksigen darah dibutuhkan proses penyembuhan efektif menyebabkan penundaan penyembuhan luka luka operasi khitan dikutip situs klik dokter fase penyembuhan luka fase hemostasis inflamasi proliferasi remodeling fase penyembuhan luka akibat sayatan operasi kebutuhan oksigen kelancaran aliran darah ditempat luka proses dibutuhkan bahan bakar penyembuhan luka kecukupan oksigen aliran darah lancar salah faktor kecepatan penyembuhan luka operasi,1
['faktanya sari turnbackhoax id merokok operasi khitan dianjurkan medis menghambat proses penyembuhan luka jahit nikotin cerut menyebabkan penyempitan pembuluh darah vasoconstriction mengurangi aliran darah area luka pasokan nutrisi oksigen jaringan rusak berkurang menghambat proses penyembuhan zat zat berbahaya asap rokok karbon monoksida mengurangi kadar oksigen darah dibutuhkan proses penyembuhan efektif menyebabkan penundaan penyembuhan luka luka operasi khitan dikutip situs klik tabib paras penyembuhan luka fase hemostasis inflamasi pembiakan remodeling fase penyembuhan luka akibat sayatan operasi kebutuhan oksigen kelancaran aliran darah ditempat luka proses dibutuhkan bahan bakar pemulihan luka kecukupan oksigen sentimen darah fasih salah faktor kecepatan penyembuhan luka operasi'],1
['faktanya sari turnbackhoax id merokok khitan operasi dianjurkan medis menghambat proses penyembuhan luka jahit nikotin menyebabkan rokok penyempitan pembuluh darah vasoconstriction mengurangi darah aliran area luka pasokan nutrisi oksigen jaringan rusak berkurang menghambat proses penyembuhan zat asap zat berbahaya rokok karbon monoksida mengurangi kadar oksigen darah dibutuhkan proses penyembuhan efektif menyebabkan penundaan penyembuhan luka luka operasi khitan dikutip situs klik penyembuhan dokter fase luka fase hemostasis inflamasi proliferasi remodeling fase penyembuhan sayatan luka akibat operasi kebutuhan oksigen kelancaran aliran darah luka ditempat proses dibutuhkan bahan bakar penyembuhan luka kecukupan oksigen aliran darah lancar salah faktor kecepatan penyembuhan luka operasi'],1
['sari turnbackhoax id merokok operasi khitan dianjurkan medis menghambat penyembuhan luka jahit nikotin rokok menyebabkan penyempitan pembuluh darah vasoconstriction mengurangi aliran darah area pasokan nutrisi oksigen jaringan berkurang menghambat proses penyembuhan zat zat berbahaya asap rokok karbon monoksida mengurangi kadar darah dibutuhkan proses penyembuhan efektif menyebabkan penundaan penyembuhan luka luka khitan dikutip situs klik dokter fase penyembuhan luka fase hemostasis inflamasi proliferasi remodeling fase penyembuhan luka akibat sayatan operasi kebutuhan oksigen kelancaran darah ditempat luka dibutuhkan bahan bakar luka oksigen aliran darah lancar salah faktor kecepatan penyembuhan luka operasi'],1
faktanya klaim unggahan turnbackhoax id isi video berisi peringatan badan meteorologi klimatologi geofisika bmkg potensi gelombang dikutip sukabumiupdate com badan meteorologi klimatologi geofisika bmkg memintas warga perairan indonesia waspada potensi gelombang peringatan dikeluarkan perairan mei sukabumi masyarakat beraktivitas pesisir pelaut memantau perkembangan cuaca sumber resmi badan meteorologi klimatologi geofisika bmkg,1
['faktanya klaim unggahan turnbackhoax id isi video berisi peringatan badan meteorologi klimatologi geofisika bmkg potensi gelombang dikutip sukabumiupdate com badan meteorologi klimatologi geofisika bmkg memintas warga perairan indonesia waspada potensi gelombang peringatan dikeluarkan perairan mei sukabumi masyarakat beraktivitas mendapati pelaut memantau pengembangan cuaca sumber resmi tubuh meteorologi klimatologi geofisika bmkg'],1
['faktanya turnbackhoax klaim unggahan id isi video peringatan berisi badan meteorologi klimatologi geofisika bmkg potensi gelombang dikutip sukabumiupdate com badan meteorologi klimatologi memintas geofisika bmkg perairan warga indonesia potensi waspada gelombang peringatan dikeluarkan perairan sukabumi mei masyarakat beraktivitas pelaut pesisir memantau perkembangan cuaca sumber resmi badan klimatologi meteorologi geofisika bmkg'],1
['faktanya klaim unggahan turnbackhoax isi video berisi peringatan badan meteorologi klimatologi geofisika bmkg potensi gelombang dikutip sukabumiupdate com badan meteorologi klimatologi geofisika bmkg memintas warga waspada potensi gelombang dikeluarkan perairan mei sukabumi masyarakat beraktivitas pesisir pelaut memantau perkembangan cuaca sumber resmi badan meteorologi geofisika bmkg'],1
faktanya klaim unggahan cekfakta tempo co rencana pembangunan pemukiman khusus warga cina ikn nasional kontan co id agung sedayu group salah investor swasta negeri berinvestasi pengembangan ikn membangun mal hotel perkantoran agung podomoro membangun permukiman ikn kota samarinda balikpapan sisi melaporkan lippo group berinvestasi membangun rumah sakit fasilitas pendidikan ikn cina membangun pemukiman khusus warga cina menguasai indonesia,1
['faktanya klaim unggahan cekfakta tempo co rencana pembinaan pemukiman khusus warga cina ikn nasional kontan co id agung sedayu group salah investor swasta negeri berinvestasi pengembangan ikn membangun mal rumah penginapan perkantoran agung podomoro membangun permukiman ikn kota samarinda balikpapan sisi melaporkan lippo group berinvestasi membangun rumah tangga kesengsaraan fasilitas pendidikan ikn cina membangun pemukiman khusus warga cina menguasai kolonial belanda'],1
['faktanya klaim unggahan cekfakta tempo co pembangunan rencana pemukiman khusus cina warga ikn nasional kontan agung co id sedayu group salah investor negeri swasta berinvestasi pengembangan membangun ikn mal hotel perkantoran agung podomoro membangun permukiman ikn kota samarinda balikpapan sisi melaporkan lippo group berinvestasi membangun fasilitas rumah pendidikan sakit ikn cina membangun khusus pemukiman warga cina menguasai indonesia'],1
['klaim unggahan cekfakta tempo co rencana pembangunan pemukiman khusus warga cina nasional kontan co id agung sedayu group salah investor swasta negeri berinvestasi pengembangan ikn membangun mal hotel agung podomoro permukiman ikn kota samarinda balikpapan sisi melaporkan lippo berinvestasi membangun rumah sakit fasilitas pendidikan ikn cina membangun pemukiman khusus cina menguasai indonesia'],1
kim jong un medukung timnas indonesia korsel dukungan kim jong un jokowi kirim bunga ucapan terima kasih jokowi kirim bunga kim jong un dukungan timnas melawan korsel berdasarkan penelusuran unggahan video video youtube redaksi trans official berjudul bunga jokowi kim jong un redaksi sore diunggah september kiriman bunga khusus istimewa korea utara lahir republik rakyat demokratik korea dprk korea utara jokowi kirim bunga kim jong un dukungan timnas melawan korsel keliru,1
['kim jong un medukung timnas indonesia korsel dukungan kim jong un jokowi kirim bunga ucapan terima kasih jokowi kirim bunga kim erica jong un dukungan timnas melawan korsel berdasarkan penelusuran unggahan video video youtube redaksi trans official berjudul bunga jokowi kim jong un redaksi sore diunggah september kiriman megar khusus istimewa korea utara lahir republik tanah air demokratik korea dprk korea utara jokowi kirim bunga kim jong un dukungan timnas melawan korsel keliru'],1
['jong kim un timnas medukung indonesia dukungan korsel jong kim un jokowi kirim bunga ucapan terima kasih jokowi kirim kim bunga jong un dukungan timnas melawan korsel berdasarkan penelusuran unggahan video video youtube redaksi trans official berjudul kim bunga jokowi un jong redaksi sore diunggah september kiriman bunga khusus istimewa utara korea lahir republik rakyat demokratik dprk korea korea utara jokowi kirim bunga kim jong un dukungan timnas melawan korsel keliru'],1
['kim un medukung timnas korsel dukungan kim jong un jokowi kirim bunga ucapan terima kasih jokowi kirim kim jong un dukungan timnas melawan korsel berdasarkan penelusuran unggahan video youtube trans official berjudul bunga jokowi jong un redaksi sore diunggah september kiriman bunga khusus istimewa korea lahir republik rakyat demokratik korea korea utara jokowi kirim bunga kim jong un dukungan timnas melawan korsel keliru'],1
unggahan platform youtube mei berisi klaim puluhan nelayan tergulung gelombang hebat kabupaten sukabumi faktanya klaim terkait nelayan tergulung gelombang kabupaten sukabumi turnbackhoax id narator membacakan ulang artikel berjudul perahu nelayan karam dihantam gelombang pesisir ujunggenteng sukabumi diterbitkan kabar sukabumi update mengutip sukabumiupdate com gelombang merusak perahu nelayan terparkir pesisir pantai ujunggenteng kecamatan ciracap kabupaten sukabumi selasa mei pagi perahu mengalami kerusakan berbenturan perahu tingginya gelombang perahu mengalami terbalik karam laporan korban jiwa akibat kejadian,1
['unggahan platform youtube mei berisi klaim puluhan nelayan tergulung gelombang hebat kabupaten sukabumi faktanya klaim terkait nelayan tergulung gelombang kabupaten sukabumi turnbackhoax idaho narator membacakan ulang artikel berjudul perahu nelayan karam dihantam gelombang pesisir ujunggenteng sukabumi diterbitkan kabar sukabumi update mengutip sukabumiupdate com kelompok merusak perahu nelayan terparkir pesisir pesisir ujunggenteng kecamatan ciracap kabupaten sukabumi selasa mei pagi perahu mengalami kerusakan berbenturan perahu tingginya gelombang perahu mengalami kebalikan karam laporan korban jiwa akibat kejadian'],1
['unggahan platform youtube mei berisi klaim puluhan nelayan tergulung gelombang hebat kabupaten sukabumi faktanya terkait klaim tergulung nelayan gelombang sukabumi kabupaten turnbackhoax id narator membacakan ulang artikel berjudul perahu nelayan karam dihantam gelombang pesisir ujunggenteng sukabumi diterbitkan kabar sukabumi update mengutip com sukabumiupdate gelombang merusak perahu nelayan terparkir pesisir ujunggenteng pantai ciracap kabupaten kecamatan sukabumi mei selasa pagi perahu mengalami kerusakan berbenturan perahu tingginya gelombang perahu mengalami terbalik karam korban laporan akibat jiwa kejadian'],1
['unggahan platform youtube mei klaim puluhan nelayan tergulung gelombang hebat kabupaten sukabumi faktanya klaim nelayan tergulung gelombang kabupaten sukabumi turnbackhoax id narator membacakan ulang berjudul perahu nelayan karam dihantam gelombang pesisir ujunggenteng sukabumi diterbitkan kabar sukabumi mengutip sukabumiupdate com gelombang merusak perahu nelayan terparkir pesisir pantai ujunggenteng kecamatan ciracap kabupaten sukabumi selasa mei pagi perahu mengalami kerusakan berbenturan tingginya gelombang perahu mengalami laporan korban jiwa kejadian'],1
unggahan platform youtube pantai selatan mengamuk menghancurkan rumah rumah warga faktanya turnbackhoax id video narator video rumah rumah hancur akibat tergulung ombak pantai selatan narator video peringatan dikeluarkan badan meteorologi klimatologi geofisika bmkg kota ambon tertulis artikel dikeluarkan ambon tribunnews com artikel dituliskan bmkg kota ambon mengeluarkan peringatan gelombang berlaku tanggal mei mei bmkg kota ambon mengimbau masyarakat pesisir berlayar waspada,1
['unggahan platform youtube pantai selatan mengamuk menghancurkan kediaman rumah warga faktanya turnbackhoax id video narator video rumah rumah hancur akibat tergulung ombak pesisir selatan narator video peringatan dikeluarkan badan meteorologi klimatologi geofisika bmkg kota ambon tertulis makalah dikeluarkan ambon tribunnews com artikel dituliskan bmkg kota ambon mengeluarkan peringatan gelombang berlaku tanggal mei mei bmkg kota ambon mengimbau masyarakat garis pantai berlayar waspada'],1
['unggahan platform pantai youtube mengamuk selatan menghancurkan rumah rumah warga faktanya turnbackhoax id video narator rumah video rumah hancur akibat tergulung ombak pantai selatan narator video peringatan dikeluarkan badan meteorologi geofisika klimatologi bmkg kota ambon tertulis artikel dikeluarkan ambon tribunnews com artikel dituliskan bmkg kota ambon mengeluarkan gelombang peringatan berlaku mei tanggal mei bmkg kota ambon masyarakat mengimbau pesisir waspada berlayar'],1
['unggahan youtube pantai selatan mengamuk menghancurkan rumah faktanya turnbackhoax id video narator video rumah rumah hancur tergulung ombak pantai selatan narator video peringatan dikeluarkan badan klimatologi geofisika bmkg ambon tertulis dikeluarkan ambon tribunnews com artikel dituliskan bmkg kota ambon mengeluarkan peringatan gelombang berlaku tanggal mei mei bmkg kota ambon mengimbau masyarakat pesisir berlayar waspada'],1
pesan berantai whatsapp menyajikan informasi penggunaan sendok alat cek kesehatan dinarasikan cek kesehatan menempelkan sendok lidah membutuhkan menit hasilnya diukur berdasarkan bau warna noda menempel sendok ditelusuri ditemukan fakta informasi health detik com dr andi khomeini takdir haruni sppd badan data informasi ikatan dokter indonesia idi berkomentar metode sendok standar dunia medis menurutnya variabel eksperimen menentukan akurat penyakit teknologi biakan bakteri medium logam hoax,1
['pesan berantai whatsapp menyajikan informasi kerajinan sendok alat serpih kesegaran dinarasikan cek kesehatan menempelkan sendok lidah membutuhkan menit hasilnya diukur berdasarkan bau pewarnaan noda menempel sendok ditelusuri ditemukan fakta informasi health tempoh com dr andi khomeini takdir haruni sppd badan data informasi ikatan dokter indonesia idi berkomentar metode sendok standar dunia medis menurutnya variabel eksperimen menentukan tepat penyakit teknologi biakan bakteri medium logam hoax'],1
['pesan berantai menyajikan penggunaan whatsapp informasi sendok cek alat kesehatan dinarasikan cek menempelkan kesehatan sendok lidah membutuhkan menit hasilnya diukur berdasarkan warna bau noda menempel ditelusuri sendok ditemukan fakta informasi health detik com dr andi khomeini takdir haruni sppd badan informasi data ikatan dokter indonesia idi berkomentar metode standar sendok dunia medis menurutnya variabel eksperimen menentukan akurat penyakit teknologi bakteri biakan medium logam hoax'],1
['pesan berantai whatsapp menyajikan informasi sendok alat cek kesehatan dinarasikan cek kesehatan menempelkan sendok membutuhkan menit hasilnya diukur berdasarkan warna noda menempel sendok ditelusuri ditemukan fakta informasi health detik com dr khomeini takdir haruni sppd badan informasi ikatan dokter indonesia idi berkomentar metode sendok standar dunia medis menurutnya variabel eksperimen menentukan akurat teknologi biakan bakteri medium hoax'],1
artikel media sosial facebook disertai klaim menyebut bill gates menciptakan pasar vaksin flu burung kompas com berdasarkan hasil penelusuran artikel merujuk siaran pers yayasan bill melinda gates perjanjian global memasok vaksin h n flu babi laman gatesfoundation org vaksin disetujui perjanjian global mendistribusikan dunia thumbnail unggahan tangkapan layar akun x bill gates teks there really is not choice bird flu jab or die painfully hasil penelusuran ditemukan cuitan bill gates,1
['artikel media sosial facebook disertai klaim menyebut bill gates menciptakan pasar vaksin flu burung kompas com berdasarkan hasil penelusuran artikel merujuk siaran pers yayasan bill melinda gates perjanjian global memasok vaksin h n flu babi laman gatesfoundation org vaksin disetujui perjanjian global mendistribusikan dunia thumbnail unggahan tangkapan pengadang akun x bill gates teks there really is not choice bird flu jab or die painfully hasil penelusuran ditemukan cuitan bill gates'],1
['artikel media sosial facebook disertai klaim menyebut bill menciptakan gates pasar vaksin flu burung kompas com berdasarkan hasil penelusuran merujuk artikel siaran yayasan pers bill melinda gates global perjanjian memasok vaksin h n flu babi laman gatesfoundation org vaksin perjanjian disetujui global dunia mendistribusikan thumbnail unggahan tangkapan layar akun x bill gates teks there really is not choice bird flu jab or die painfully hasil ditemukan penelusuran cuitan gates bill'],1
['artikel sosial disertai klaim menyebut bill gates menciptakan pasar vaksin flu burung kompas berdasarkan hasil penelusuran artikel merujuk siaran pers yayasan bill melinda gates perjanjian global memasok vaksin h n flu babi laman gatesfoundation vaksin disetujui perjanjian global mendistribusikan dunia thumbnail unggahan tangkapan layar akun x bill gates there really is not choice bird flu jab or painfully hasil penelusuran cuitan bill gates'],1
media sosial akun facebook mengatasnamakan kentucky fried chicken kfc unggahannya menyebut kfc membagikan voucher hadiah rangka merayakan kfc membagikan berkomentar postingan mei voucher ditukarkan ember ayam goreng kfc liputan com klaim hoaks berulang kfc indonesia akun resminya kfcindonesia program promo survei resmi kfc indonesia media sosial resmi kfc indonesia terverifikasi website kfcku com seputar kfc indonesia menghubungi email info kfckindonesia com,1
['media bermasyarakat akun facebook mengatasnamakan kentucky fried chicken kfc unggahannya menyebut kfc membagikan voucher ganjaran rangka merayakan kfc membagikan berkomentar postingan mei voucher ditukarkan ember ayam goreng kfc liputan com klaim hoaks menyeleweng kfc indonesia akun resminya kfcindonesia program promo survei sifat kfc indonesia media sosial resmi kfc indonesia terverifikasi website kfcku com seputar kfc indonesia menghubungi email info kfckindonesia com'],1
['media sosial akun facebook mengatasnamakan kentucky fried chicken kfc unggahannya menyebut kfc membagikan voucher hadiah rangka merayakan kfc membagikan berkomentar mei voucher postingan ditukarkan ember ayam goreng com kfc liputan klaim hoaks berulang kfc indonesia akun resminya kfcindonesia program survei promo kfc resmi indonesia media sosial resmi kfc terverifikasi indonesia kfcku website com kfc seputar indonesia menghubungi info email kfckindonesia com'],1
['media sosial akun facebook mengatasnamakan fried chicken kfc unggahannya menyebut kfc membagikan voucher hadiah rangka merayakan kfc membagikan berkomentar postingan mei ditukarkan ayam goreng kfc liputan com klaim hoaks berulang indonesia akun resminya kfcindonesia program promo survei resmi kfc indonesia media resmi kfc indonesia terverifikasi website kfcku seputar kfc indonesia menghubungi email info kfckindonesia'],1
unggahan media sosial facebook mengeklaim seekor gurita raksasa terdampar pantai bali faktanya unggahan mengeklaim seekor gurita raksasa terdampar pantai bali kompas com gambar hive moderation hasil pemeriksaan probabilitas gambar gurita raksasa dihasilkan artificial intelligence ai mencapai persen foto hasil manipulasi perangkat kecerdasan buatan ai media pemeriksa fakta snopes com menemukan gambar konten diunggah akun instagram best of ai juni bio akun mencantumkan keterangan bereksperimen perangkat ai menghasilkan karya cerita,1
['unggahan media sosial facebook mengeklaim seekor gurita raksasa terdampar pantai bali faktanya unggahan mengeklaim seekor gurita raksasa terdampar pantai bali kompas com ilustrasi hive moderation hasil memeriksa probabilitas gambar gurita raksasa dihasilkan artificial intelligence ai mencapai persen foto hasil manipulasi perangkat kecerdasan buatan ai media pemeriksa fakta snopes com menemukan gambar konten diunggah akun instagram best of ai jun bio akun mencantumkan penjelasan bereksperimen perangkat ai menghasilkan karya cerita'],1
['unggahan media sosial facebook mengeklaim seekor gurita raksasa terdampar pantai bali faktanya unggahan mengeklaim gurita seekor terdampar raksasa pantai kompas bali com gambar hive moderation hasil pemeriksaan gambar probabilitas raksasa gurita dihasilkan artificial ai intelligence mencapai foto persen hasil manipulasi perangkat kecerdasan buatan ai media pemeriksa fakta snopes com menemukan gambar konten diunggah akun instagram of best ai juni bio akun mencantumkan keterangan bereksperimen perangkat ai menghasilkan karya cerita'],1
['unggahan media sosial facebook mengeklaim seekor gurita raksasa terdampar pantai bali faktanya unggahan seekor gurita raksasa terdampar pantai bali kompas com gambar hive moderation hasil pemeriksaan probabilitas gambar gurita raksasa artificial intelligence ai mencapai persen hasil manipulasi perangkat kecerdasan buatan ai pemeriksa fakta snopes com menemukan gambar konten diunggah akun instagram of ai juni bio akun mencantumkan keterangan perangkat ai karya cerita'],1
unggahan video media sosial tiktok mengeklaim jakarta kota negara indonesia faktanya klaim unggahan kompas com daerah khusus kota jakarta dki jakarta kota keputusan presiden keppres pemindahan kota negara nusantara staf khusus presiden bidang hukum purwono terbitnya keputusan presiden keppres sepenuhnya kewenangan presiden,1
['unggahan video sarana kemasyarakatan tiktok mengeklaim jakarta kota negara kolonial belanda faktanya klaim unggahan kompas com daerah khusus bandar jakarta dki jakarta kubu keputusan presiden keppres pemindahan kota negara nusantara petugas khusus presiden bidang hukum purwono terbitnya pemutusan presiden keppres sepenuhnya kewenangan presiden'],1
['unggahan video media sosial tiktok mengeklaim jakarta kota negara faktanya indonesia klaim unggahan kompas com daerah khusus kota jakarta jakarta dki kota keppres keputusan presiden pemindahan kota negara nusantara khusus staf presiden purwono bidang hukum keputusan terbitnya presiden sepenuhnya keppres kewenangan presiden'],1
['video media sosial tiktok mengeklaim kota negara indonesia faktanya klaim kompas com daerah khusus kota jakarta dki jakarta kota keputusan keppres pemindahan kota negara nusantara staf khusus presiden bidang hukum purwono terbitnya keputusan keppres sepenuhnya kewenangan presiden'],1
unggahan media sosial facebook berisi narasi mengeklaim menteri pertahanan prabowo subianto membagikan hadiah uang rp juta unggahan menyertakan nomor whatsapp faktanya narasi mengeklaim prabowo subianto membagikan hadiah uang rp juta dikutip cekfakta tempo co unggahan berhadiah foto prabowo subianto penipuan maraknya penipuan media sosial warganet diimbau berhati hati terpancing mengeklik mengirimkan pesan membagikan identitas pribadi media sosial,1
['unggahan media sosial facebook berisi narasi mengeklaim uskup pertahanan prabowo subianto membagikan hadiah uang rp juta unggahan menyertakan angka whatsapp faktanya narasi mengeklaim prabowo subianto membagikan hadiah uang rp juta dikutip cekfakta aliran co unggahan berhadiah foto prabowo subianto penipuan maraknya penipuan media sosial warganet diimbau berhati hati terpancing mengeklik mengirimkan piagam membagikan siapa pribadi media kemasyarakatan'],1
['unggahan media sosial facebook berisi narasi menteri mengeklaim pertahanan prabowo subianto membagikan uang hadiah rp juta unggahan menyertakan nomor whatsapp faktanya narasi mengeklaim prabowo membagikan subianto hadiah uang rp juta dikutip cekfakta tempo co unggahan berhadiah foto prabowo subianto penipuan maraknya penipuan media sosial warganet diimbau hati berhati terpancing mengeklik mengirimkan pesan pribadi membagikan identitas media sosial'],1
['media sosial facebook berisi narasi mengeklaim menteri pertahanan prabowo subianto membagikan hadiah uang rp juta unggahan menyertakan nomor whatsapp narasi mengeklaim prabowo subianto membagikan hadiah uang juta cekfakta tempo co unggahan berhadiah foto subianto penipuan maraknya penipuan media sosial diimbau berhati hati terpancing mengeklik mengirimkan pesan membagikan identitas pribadi media sosial'],1
keracunan akibat makanan makan mi instan cokelat bersamaan memicu keracunan panca indranya mengeluarkan darah konon mi mengandung arsenic pentoxide reaksi kimia cokelat menyebabkan berubah arsenik trioxide mi instan dijual pasaran ditemukan mengandung racun arsenik berdasarkan hasil pengujian laboratorium disimpulkan produk mi instan terdaftar indonesia memenuhi standar persyaratan berlaku dinyatakan aman dikonsumsi dra kustantinah apt m app sc kepala bpom ri,1
['keracunan ketetapan makanan makan mi instan cokelat bersamaan memicu keracunan panca indranya mengeluarkan darah konon mi mengandung arsenic pentoxide reaksi zat kimia cokelat menyebabkan berubah arsenik trioxide mi instan dijual pasaran ditemukan mengandung racun racun berdasarkan hasil pengujian laboratorium disimpulkan produk mi instan terdaftar indonesia memenuhi standar persyaratan berlaku dinyatakan aman dikonsumsi dra kustantinah apt m app sc kepala bpom little rhody'],1
['keracunan akibat makanan makan mi instan cokelat bersamaan memicu keracunan panca mengeluarkan indranya darah konon mi mengandung arsenic pentoxide reaksi kimia cokelat menyebabkan berubah arsenik trioxide instan mi pasaran dijual ditemukan mengandung racun arsenik berdasarkan hasil pengujian laboratorium disimpulkan produk mi instan indonesia terdaftar memenuhi persyaratan standar berlaku dinyatakan aman dikonsumsi dra apt kustantinah m sc app kepala ri bpom'],1
['keracunan akibat makanan makan mi instan cokelat bersamaan memicu keracunan panca indranya mengeluarkan darah mi mengandung arsenic pentoxide kimia cokelat menyebabkan berubah arsenik mi instan pasaran ditemukan mengandung racun berdasarkan hasil pengujian laboratorium disimpulkan produk mi instan terdaftar indonesia memenuhi standar persyaratan berlaku dinyatakan aman dikonsumsi dra kustantinah apt m app sc kepala ri'],1
unggahan media sosial facebook mengeklaim bayi berusia mengalami kehamilan narasi disertai foto bayi perut membesar tangkapan layar tayangan berita faktanya klaim menyebut bayi berusia dinyatakan hamil kompas com tangkapan layar pemberitaan bayi identik unggahan kanal youtube official inews diunggah oktober video bayi provinsi sumatera barat dinyatakan hamil operasi penyebab perut bayi membesar membengkak tumor budi pratama arnofyan ketua tim dokter bedah menangani bayi tumor berhasil diangkat pemeriksaan isinya,1
['unggahan media kemasyarakatan facebook mengeklaim bayi berusia mengalami kehamilan narasi disertai potret bayi perut membesar tangkapan layar tayangan berita faktanya klaim menyebut bayi berusia dinyatakan hamil kompas com tangkapan layar pemberitaan bayi identik unggahan kanal youtube official inews diunggah oktober video bayi provinsi sumatera barat dinyatakan hamil kerja penyebab perut bayi membesar membengkak tumor tokoh pratama arnofyan pemenang tim dr bedah menangani bayi tumor berhasil diangkat pemeriksaan isinya'],1
['unggahan media sosial facebook bayi mengeklaim berusia mengalami kehamilan narasi disertai foto perut bayi membesar tangkapan layar tayangan berita faktanya klaim bayi menyebut berusia dinyatakan hamil kompas com layar tangkapan pemberitaan bayi unggahan identik kanal youtube official inews diunggah oktober video bayi provinsi barat sumatera dinyatakan hamil operasi penyebab bayi perut membesar membengkak tumor budi arnofyan pratama tim dokter ketua bedah menangani bayi tumor berhasil diangkat pemeriksaan isinya'],1
['unggahan media sosial facebook mengeklaim bayi berusia mengalami kehamilan narasi disertai bayi perut membesar tangkapan layar tayangan berita klaim menyebut bayi berusia dinyatakan hamil kompas com tangkapan layar pemberitaan bayi identik unggahan kanal youtube official inews diunggah oktober video provinsi sumatera barat dinyatakan hamil operasi penyebab perut bayi membesar tumor pratama arnofyan ketua tim bedah bayi tumor berhasil diangkat pemeriksaan isinya'],1
unggahan media sosial mengeklaim pembegalan perempuan kawasan stadion betoambari kota baubau narasinya diceritakan kejadian pembegalan orang memakai kostum hitam faktanya klaim menyebut perempuan korban pembegalan hoaks kepolisian resor polres kota baubau akun facebook resminya polres baubau keterangan informasi pembegalan perempuan kawasan stadion betoambari kota baubau hoaks polres kota baubau menyebut perempuan unggahan keterangan kantor satuan reserse kriminal satreskrim polres kota baubau korban pembegalan korban penganiayaan suami temannya,1
['unggahan media sosial mengeklaim pembegalan perempuan kawasan stadion betoambari baluarti baubau narasinya diceritakan kejadian pembegalan orang memakai kostum hitam faktanya klaim menyebut perempuan kehilangan pembegalan hoaks kepolisian resor polres kota baubau akun facebook resminya polres baubau keterangan informasi pembegalan perempuan kawasan stadion betoambari kota baubau hoaks polres kota baubau menyebut perempuan unggahan ilmu kantor satuan reserse kriminal satreskrim polres kota baubau korban pembegalan korban penganiayaan suami temannya'],1
['unggahan sosial mengeklaim media perempuan pembegalan kawasan betoambari stadion baubau kota diceritakan narasinya kejadian pembegalan orang memakai kostum hitam faktanya klaim menyebut perempuan korban pembegalan hoaks kepolisian resor polres kota baubau akun resminya polres facebook baubau keterangan informasi pembegalan perempuan kawasan stadion betoambari kota baubau polres hoaks kota baubau menyebut perempuan unggahan keterangan kantor satuan kriminal reserse satreskrim polres kota baubau korban pembegalan korban penganiayaan suami temannya'],1
['unggahan media sosial pembegalan perempuan kawasan stadion betoambari kota baubau narasinya diceritakan kejadian pembegalan orang memakai kostum hitam faktanya klaim menyebut perempuan korban pembegalan hoaks kepolisian resor polres kota baubau resminya polres baubau keterangan informasi pembegalan perempuan stadion betoambari kota hoaks polres kota baubau menyebut perempuan unggahan keterangan kantor reserse kriminal satreskrim polres kota baubau korban pembegalan penganiayaan suami temannya'],1
unggahan media sosial facebook imbauan mewaspadai aksi balas dendam kerabat geng motor daerah sumatera utara sumut imbauan diklaim imbauan humas mabes polri faktanya imbauan unggahan kompas com kepala bidang humas polda sumut kombes pol hadi wahyudi imbauan berasal kepolisian hadi narasi informasi menyesatkan disebarkan menakut nakuti resah masyarakat kota medan provinsi sumut terpantau kondisi aman,1
['unggahan perantara sosial facebook imbauan mewaspadai aksi kepulangan dendam kerabat geng motor daerah sumatera utara sumut imbauan diklaim imbauan humas mabes polri faktanya imbauan unggahan kompas com kepala bidang humas polda sumut kombes pol hadi wahyudi imbauan berasal kepolisian hadi narasi keterangan menyesatkan disebarkan menakut nakuti resah masyarakat bandar lingkungan sosial provinsi sumut terpantau kondisi aman'],1
['unggahan media sosial facebook imbauan mewaspadai balas aksi dendam kerabat geng motor daerah sumatera utara sumut imbauan diklaim imbauan mabes humas polri faktanya unggahan imbauan kompas kepala com bidang polda humas sumut kombes pol wahyudi hadi imbauan berasal kepolisian hadi narasi informasi disebarkan menyesatkan menakut nakuti resah masyarakat kota medan provinsi sumut terpantau aman kondisi'],1
['media sosial facebook imbauan mewaspadai aksi balas dendam kerabat geng motor daerah sumatera utara sumut imbauan humas mabes polri faktanya imbauan unggahan kompas com kepala bidang humas polda sumut kombes pol wahyudi imbauan berasal kepolisian hadi narasi informasi menyesatkan menakut nakuti resah masyarakat kota medan provinsi sumut kondisi aman'],1
mers middle east respiratory syndrome mewabah seoul korea selatan aneka pesan menyebar media salah pesan berantai menganjurkan warga mengoleskan vaselin lemak hidung dipercaya mencegah penularan virus korona penyebab mers informasi cepat dibantah dokter lacur pesan berantai terlanjur menyebar,1
['mers middle east respiratory syndrome mewabah seoul korea selatan aneka pesan menyebar media menyelipkan pesan berantai menganjurkan warga mengoleskan vaselin lemak hidung dipercaya mencegah penularan kecelaan korona penyebab mers informasi cepat dibantah dokter lacur pesan berantai terlanjur menyebar'],1
['mers middle east respiratory syndrome mewabah seoul korea selatan aneka pesan media menyebar salah pesan berantai menganjurkan warga vaselin mengoleskan lemak dipercaya hidung mencegah virus penularan korona mers penyebab informasi dokter cepat dibantah lacur pesan terlanjur berantai menyebar'],1
['mers middle east respiratory syndrome mewabah seoul korea selatan aneka pesan menyebar media salah pesan berantai menganjurkan warga mengoleskan lemak hidung dipercaya mencegah penularan virus penyebab mers informasi cepat dokter lacur berantai terlanjur menyebar'],1
unggahan video media sosial instagram mengeklaim disease x bocoran pandemi world health organization who unggahan video menampilkan wawancara mantan menteri kesehatan menkes dr dr siti fadilah supari sp jp k wanita faktanya klaim unggahan video keliru cekfakta tempo co video identik video asli termuat kanal youtube r rrnewlitics berjudul lawan who siti fadilah buka suara kontroversi flu burung covid kontroversi toleransi dirilis februari video mantan menkes siti fadilah supari bercerita pandemi covid flu burung peneliti johns hopkins center for health security amesh adalja md penyakit x konsep pelabelan placeholder mengacu patogen pandemi dikarakteristik,1
['unggahan video media sosial instagram mengeklaim disease x bocoran pandemi world health organization who unggahan video menampilkan wawancara mantan menteri kesehatan menkes dr dr siti fadilah supari sp jp k wanita faktanya klaim unggahan video keliru cekfakta irama co video identik video asli termuat kanal youtube r rrnewlitics berjudul lawan who siti fadilah buka suara perbantahan flu burung covid kontroversi toleransi dirilis februari video mantan menkes siti fadilah supari bercerita epidemi covid flu burung peneliti johns hopkins center for health security amesh adalja md penyakit x konsep pelabelan placeholder mengacu patogen pandemi dikarakteristik'],1
['unggahan video media sosial instagram mengeklaim disease x bocoran pandemi health world organization who unggahan video menampilkan wawancara mantan menteri kesehatan menkes dr dr siti fadilah supari jp sp k faktanya wanita klaim unggahan video keliru cekfakta tempo co video asli identik video termuat kanal youtube rrnewlitics r berjudul lawan who siti fadilah buka suara kontroversi flu burung covid kontroversi dirilis toleransi februari video mantan menkes siti fadilah bercerita supari pandemi covid flu burung peneliti johns hopkins center for health amesh security adalja md x penyakit konsep pelabelan placeholder mengacu patogen pandemi dikarakteristik'],1
['unggahan video media sosial instagram disease x bocoran pandemi world health organization who unggahan video menampilkan wawancara mantan menteri kesehatan menkes dr siti fadilah supari sp k wanita faktanya klaim unggahan video tempo co video identik video asli termuat kanal youtube r rrnewlitics berjudul lawan who siti fadilah suara kontroversi flu burung covid kontroversi toleransi dirilis februari video mantan menkes siti supari bercerita pandemi flu burung peneliti hopkins center health security amesh adalja md penyakit x konsep pelabelan placeholder mengacu patogen pandemi dikarakteristik'],1
unggahan video platform youtube mengeklaim prabowo subianto batal presiden presiden joko widodo jokowi diam diam menyingkirkan prabowo istana negara faktanya turnbackhoax id video narator informasi bobby nasution bergabung partai gerindra berlanjut pernyataan pengamat politik ujang komarudin menilai langkah bobby bergabung partai gerindra diikuti presiden jokowi putra sulungnya gibran rakabuming raka dianggap partai demokrasi indonesia perjuangan pdip diperkuat artikel kompas com video berisi asumsi presiden jokowi masuk partai golongan karya golkar pembahasan alasan bobby memilih masuk partai gerindra kesamaan visi memajukan provinsi sumatera utara,1
['unggahan video platform youtube mengeklaim prabowo subianto batal presiden presiden joko widodo jokowi diam diam menyingkirkan prabowo istana negara faktanya turnbackhoax id video narator informasi bobby nasution bergabung partai gerindra berlanjut pernyataan pengamat politik ujang komarudin menilai langkah bobby bergabung partai gerindra diikuti presiden jokowi putra sulungnya gibran rakabuming raka dianggap jamuan republik indonesia perjuangan pdip diperkuat kata sandang jangka com video berisi asumsi presiden jokowi masuk partai golongan karya golkar pembahasan alasan bobby memilih masuk partai gerindra kesamaan visi memajukan provinsi sumatera utara'],1
['unggahan platform video mengeklaim youtube prabowo subianto batal presiden presiden joko widodo jokowi diam diam menyingkirkan prabowo istana negara faktanya turnbackhoax id video narator informasi bobby nasution bergabung partai gerindra berlanjut pernyataan pengamat politik ujang komarudin menilai langkah bobby bergabung partai gerindra diikuti presiden jokowi putra gibran sulungnya rakabuming raka dianggap demokrasi partai indonesia perjuangan pdip diperkuat artikel kompas com video berisi asumsi presiden jokowi masuk golongan partai karya golkar pembahasan alasan masuk bobby memilih partai gerindra kesamaan visi memajukan sumatera provinsi utara'],1
['unggahan video platform youtube mengeklaim prabowo subianto batal presiden presiden joko widodo jokowi diam menyingkirkan istana negara faktanya turnbackhoax id video narator informasi bobby nasution bergabung gerindra berlanjut pengamat politik menilai langkah bobby bergabung partai gerindra diikuti presiden jokowi putra sulungnya gibran rakabuming dianggap partai demokrasi indonesia perjuangan pdip artikel kompas com video berisi asumsi presiden jokowi partai golongan karya golkar pembahasan alasan bobby memilih masuk partai gerindra kesamaan visi memajukan provinsi sumatera utara'],1
video youtube mengeklaim demo mahasiswa gedung dewan perwakilan rakyat republik indonesia dpr ri mei kemarin dibanjiri darah presiden joko widodo jokowi kabur faktanya klaim video turnbackhoax id video demo mahasiswa universitas trisakti demo rangka menyuarakan tragedi mei mahasiswa universitas trisakti korban jiwa aksi demonstrasi menuntut soeharto turun jabatan presiden tanggal mei liputan com ratusan mahasiswa memaksa masuk gedung dpr ri aksi tertahan pembinaan pengamanan pamdal aparat kepolisian aksi diwarnai kericuhan massa melempar traffic cone arah petugas berjaga rctiplus com pendemo menjebol pagar gedung dpr berhasil diatasi membubarkan mahasiswa menunggu pagar demo mei kemarin korban luka berat korban meninggal peristiwa,1
['video youtube mengeklaim demo mahasiswa gedung dewan perwakilan rakyat republik indonesia dpr ri mei kemarin dibanjiri darah presiden joko widodo jokowi kekeliruan faktanya klaim video turnbackhoax id video demo mahasiswa universitas trisakti demo rangka menyuarakan tragedi mei mahasiswa universitas trisakti korban jiwa aksi demonstrasi menuntut soeharto penurunan jabatan presiden tanggal mei liputan com ratusan mahasiswa memaksa masuk gedung dpr ri aksi tertahan pembinaan keamanan pamdal aparat kepolisian aksi diwarnai kericuhan massa melempar traffic cone arah petugas berjaga rctiplus com pendemo menjebol pagar simpanan dpr berhasil diatasi membubarkan pelatih menunggu pagar demo mei kemarin korban luka berat korban meninggal peristiwa'],1
['youtube video demo mengeklaim mahasiswa gedung dewan rakyat perwakilan republik dpr indonesia ri mei kemarin dibanjiri darah presiden joko widodo jokowi kabur faktanya klaim video id turnbackhoax video mahasiswa demo universitas trisakti demo rangka menyuarakan tragedi mei mahasiswa universitas trisakti korban jiwa aksi demonstrasi menuntut soeharto turun jabatan presiden tanggal mei liputan ratusan com mahasiswa memaksa masuk gedung dpr ri aksi tertahan pembinaan pengamanan pamdal kepolisian aparat aksi diwarnai kericuhan massa melempar traffic cone arah berjaga petugas rctiplus com pendemo pagar menjebol gedung dpr berhasil diatasi membubarkan mahasiswa menunggu pagar demo mei kemarin korban luka berat korban meninggal peristiwa'],1
['video youtube mengeklaim demo mahasiswa dewan perwakilan rakyat republik indonesia dpr mei kemarin dibanjiri darah presiden joko widodo jokowi kabur faktanya klaim video id video demo universitas trisakti demo rangka menyuarakan tragedi mahasiswa universitas korban jiwa aksi demonstrasi menuntut soeharto turun jabatan presiden tanggal mei liputan com ratusan mahasiswa memaksa masuk gedung ri aksi tertahan pembinaan pengamanan pamdal aparat kepolisian aksi diwarnai kericuhan massa traffic cone arah petugas berjaga rctiplus com pendemo menjebol pagar gedung dpr berhasil diatasi menunggu pagar demo mei kemarin korban luka berat korban meninggal peristiwa'],1
dokter spesialis paru konsultan feni fitriani menyebut perokok risiko terpapar virus corona perokok pulih virus corona salah kelompok dinilai rentan terinfeksi virus corona perokok derajat keparahan covid dialami perokok berat orang merokok,0
['dr spesialis paru konsultan feni fitriani menyebut perokok risiko terpapar virus corona perokok perbaikan virus corona batal kelompok dinilai kerentanan terinfeksi virus corona perokok derajat keparahan covid dialami perokok berat orang merokok'],0
['dokter spesialis konsultan paru menyebut feni fitriani perokok terpapar risiko virus corona perokok pulih virus corona salah kelompok terinfeksi dinilai rentan virus perokok corona derajat keparahan covid dialami perokok berat orang merokok'],0
['dokter paru konsultan feni fitriani menyebut perokok risiko terpapar virus corona perokok pulih virus corona kelompok dinilai rentan terinfeksi virus perokok derajat keparahan covid dialami perokok berat merokok'],0
sepengetahuan guru ekstrakurikuler robotik sekolah sidoarjo jawa timur pengguna telepon genggam pecandu gim diperkuat data badan pusat statistik bps pengguna telepon genggam indonesia mencapai total penduduk indonesia bps mencatat kecanduan gim online usia nol masyarakat usia usia pengajaran komunitas metode steam science technology engineering art and math yudanarko mengajarkan dasar dasar pembuatan robot pengarahan,0
['sepengetahuan guru ekstrakurikuler robotik sekolah sidoarjo jawa timur pengguna telepon segenggam pecandu gim diperkuat data badan pusat statistik bps pengguna telepon segenggam kolonial belanda mencapai kafah penduduk indonesia bps rekor kecanduan gim online usia nol masyarakat usia usia pengajaran komunitas metode steam science technology engineering art and math yudanarko mengajarkan dasar dasar pembuatan robot pengarahan'],0
['sepengetahuan guru ekstrakurikuler robotik sekolah sidoarjo jawa timur pengguna telepon genggam pecandu gim data diperkuat badan statistik pusat pengguna bps telepon genggam indonesia mencapai total penduduk indonesia bps kecanduan mencatat gim online usia nol pengajaran masyarakat usia usia komunitas metode steam science engineering technology art and math yudanarko mengajarkan dasar dasar pembuatan pengarahan robot'],0
['guru ekstrakurikuler robotik sekolah sidoarjo jawa timur pengguna telepon genggam pecandu diperkuat data badan pusat statistik bps pengguna telepon genggam mencapai total penduduk indonesia bps mencatat kecanduan gim usia nol masyarakat usia pengajaran komunitas steam science technology engineering art and math yudanarko mengajarkan dasar dasar pembuatan robot pengarahan'],0
tni skema operasi kemanusiaan jalur gaza palestina izin perserikatan bangsa bangsa pbb skema prajurit tni membangun rumah sakit lapangan lokasi tni kapal rumah sakit kri dr radjiman wedyodiningrat kri dr soeharso beserta perlengkapannya kapal rs merawat pasien kepala pusat penerangan tni mayjen r nugraha gumilar pesan tertulis minggu baca kemenhan tni kirim pasukan perdamaian gaza komisi i dpr dukung penuh kapal rs rumkit lapangan merawat pasien gaza mandat pbb gumilar sisi tni rumah sakit indonesia rumah sakit pusat tni ad rspad gatot soebroto rumah sakit pangsar soedirman kementerian pertahanan pasien dibawa indonesia menteri pertahanan ri prabowo subianto menyebut korban terdampak konflik gaza dibawa rs indonesia rspad rs pangsar soedirman kemenhan menampung pasien kapuspen tni baca prabowo makan siang bareng jokowi laporkan gaza kunjungan kerja singapura gumilar pasien dibawa indonesia salah kapal rs pesawat tni au kapal pesawat tni au gumilar panglima tni jenderal agus subiyanto kesiapan pasukannya ditempatkan pasukan perdamaian dunia jalur gaza izin pbb agus menggelar rapat dengar pendapat komisi i dpr ri kompleks parlemen senayan jakarta pusat kamis agus brigade komposit batalyon support batalyon kesehatan batalyon zeni batalyon perbekalan,0
['tni skema operasi kemanusiaan jalur gaza palestina izin perserikatan bangsa rakyat pbb skema prajurit tni membangun rumah kecederaan lapangan lokasi tni kapal rumah kesakitan kri dr radjiman wedyodiningrat kri dr soeharso beserta perlengkapannya kapal rs merawat pasien kepala pusat penerangan tni mayjen r nugraha gumilar pesan tertulis minggu baca kemenhan tni kirim pasukan perdamaian gaza komisi i dpr dukung penuh kapal rs rumkit lapangan merawat pasien gaza mandat pbb gumilar sisi tni rumah sakit negara republik indonesia rumah sakit pusat tni ad rspad gatot soebroto rumah sakit pangsar soedirman kementerian pertahanan pasien dibawa indonesia menteri pertahanan ri prabowo subianto menyebut korban terdampak konflik gaza dibawa rs indonesia rspad rs pangsar soedirman kemenhan menampung pasien kapuspen tni baca prabowo makan siang bareng jokowi laporkan gaza kunjungan kerja singapura gumilar pasien dibawa indonesia salah kapal rs pesawat tni au kapal pesawat tni au gumilar panglima tni jenderal agus subiyanto kesiapan pasukannya ditempatkan pasukan perdamaian dunia jalur gaza izin pbb agus menggelar rapat dengar pendapat komisi i dpr ri kompleks parlemen senayan jakarta pusat kamis agus brigade komposit batalyon support batalyon kesehatan batalyon zeni batalyon perbekalan'],0
['tni skema operasi kemanusiaan jalur gaza palestina izin perserikatan bangsa bangsa pbb skema prajurit tni membangun rumah sakit lapangan tni lokasi kapal rumah sakit kri dr radjiman kri wedyodiningrat dr soeharso beserta perlengkapannya kapal rs merawat pasien kepala pusat tni penerangan mayjen r nugraha gumilar pesan tertulis minggu baca kemenhan tni kirim pasukan perdamaian gaza komisi i dpr dukung penuh kapal rs rumkit lapangan merawat pasien mandat gaza pbb gumilar sisi tni rumah sakit indonesia rumah sakit pusat tni ad rspad gatot soebroto rumah sakit pangsar soedirman kementerian pertahanan pasien dibawa indonesia menteri pertahanan ri prabowo subianto menyebut korban terdampak konflik gaza dibawa rs indonesia rs pangsar rspad soedirman menampung kemenhan pasien kapuspen baca tni prabowo makan siang bareng jokowi laporkan gaza kunjungan kerja singapura gumilar pasien dibawa indonesia salah kapal rs pesawat tni au kapal pesawat tni au gumilar panglima tni jenderal agus subiyanto kesiapan pasukannya ditempatkan perdamaian pasukan dunia jalur gaza izin pbb agus menggelar rapat dengar pendapat komisi i dpr ri kompleks senayan parlemen jakarta pusat kamis agus brigade komposit batalyon support batalyon kesehatan batalyon zeni batalyon perbekalan'],0
['tni skema operasi kemanusiaan jalur gaza palestina izin perserikatan bangsa bangsa pbb skema prajurit tni membangun rumah sakit lapangan lokasi tni kapal rumah sakit kri dr wedyodiningrat kri dr soeharso perlengkapannya kapal rs merawat pasien pusat penerangan tni mayjen r nugraha gumilar pesan tertulis minggu baca kemenhan tni kirim perdamaian gaza komisi i dpr penuh kapal rs rumkit lapangan merawat pasien gaza mandat pbb gumilar sisi tni rumah sakit rumah sakit pusat tni ad rspad gatot soebroto rumah sakit pangsar kementerian pertahanan pasien dibawa pertahanan ri prabowo subianto korban terdampak konflik gaza dibawa rs indonesia rspad rs pangsar soedirman kemenhan menampung pasien kapuspen tni baca prabowo makan siang bareng jokowi laporkan gaza kunjungan kerja singapura gumilar pasien dibawa indonesia salah kapal rs pesawat tni au kapal pesawat tni au gumilar panglima tni jenderal agus subiyanto kesiapan pasukannya ditempatkan pasukan perdamaian dunia jalur gaza izin pbb agus menggelar rapat dengar pendapat komisi i dpr ri kompleks parlemen senayan jakarta pusat kamis agus brigade komposit batalyon support batalyon kesehatan batalyon zeni batalyon perbekalan'],0
presiden joko widodo istrinya iriana joko widodo cucunya jan ethes srinarendra bersepeda bebas kendaraan bermotor hbkb car free day cfd jakarta minggu pagi pekan kali kepala negara memilih bertemu warga jakarta bersepeda bundaran hi istri cucunya keramaian jokowi mengenakan kaus berwarna cokelat helm berwarna merah iriana jokowi mengenakan pakaian berwarna putih baca warga ajak selfie polisi berkuda polisi satwa cfd samping presiden cucu anak wakil presiden terpilih gibran rakabuming raka jan ethes mengenakan pakaian berwarna kuning helm hitam kedatangan kepala negara beserta istri cucu dikawal pasukan pengamanan presiden paspampres menarik perhatian warga bundaran hi warga berolahraga ramai ramai menyapa presiden keluarga baca truk tni menerobos cfd jakarta klarifikasi kapendam jaya momen dilewatkan warga jakarta foto orang nomor republik indonesia,0
['presiden joko widodo istrinya iriana joko widodo cucunya jan ethes srinarendra bersepeda bebas kendaraan bermotor hbkb car free day cfd jakarta minggu pagi pekan kali kepala negara memilih bertemu warga jakarta bersepeda bundaran hi istri cucunya keramaian jokowi mengenakan kaus berwarna cokelat helm berwarna kemerahan iriana jokowi mengenakan pakaian berwarna pucat baca warga ajak selfie polisi berkuda polisi satwa cfd samping presiden cucu anak wakil presiden terpilih gibran rakabuming raka jan ethes mengenakan pakaian berwarna kuning helm hitam wajah kepala negara beserta istri cucu dikawal pasukan pengamanan presiden paspampres menarik perhatian warga bundaran hi warga berolahraga ramai ramai menyapa presiden keluarga baca truk tni menerobos cfd jakarta klarifikasi kapendam jaya momen dilewatkan warga jakarta foto orang nomor negara indonesia'],0
['presiden joko widodo istrinya iriana joko widodo cucunya jan ethes srinarendra bersepeda bebas kendaraan bermotor hbkb car free day jakarta cfd minggu pagi pekan kali kepala negara memilih bertemu warga jakarta bersepeda bundaran hi istri cucunya keramaian mengenakan jokowi kaus berwarna cokelat helm berwarna merah iriana jokowi mengenakan pakaian berwarna putih warga baca ajak selfie polisi berkuda satwa polisi cfd samping presiden cucu anak wakil presiden terpilih gibran rakabuming raka jan ethes mengenakan pakaian berwarna kuning helm hitam kepala kedatangan negara beserta istri cucu pasukan dikawal pengamanan presiden paspampres menarik perhatian warga bundaran hi warga berolahraga ramai ramai menyapa presiden keluarga baca truk tni menerobos cfd jakarta klarifikasi kapendam momen jaya dilewatkan jakarta warga foto orang nomor republik indonesia'],0
['presiden joko widodo istrinya iriana joko widodo cucunya jan ethes srinarendra bersepeda bebas kendaraan car free day cfd jakarta minggu pekan kali kepala negara memilih warga jakarta bersepeda bundaran hi istri cucunya jokowi kaus berwarna cokelat helm berwarna merah iriana jokowi mengenakan pakaian putih warga ajak selfie berkuda polisi satwa cfd samping presiden cucu anak wakil presiden terpilih gibran rakabuming raka jan ethes mengenakan pakaian berwarna kuning helm hitam kedatangan kepala negara beserta istri cucu dikawal pasukan pengamanan presiden paspampres menarik perhatian warga bundaran hi warga berolahraga ramai ramai menyapa presiden keluarga baca truk tni menerobos cfd jakarta klarifikasi kapendam jaya momen dilewatkan warga jakarta foto nomor republik indonesia'],0
salah manfaat terkandung buah naga asam folat melansir artikel berjudul what are the benefits of dragon fruit and how do you eat it here s what to know buah naga sekian jenis buah buahan mengandung asam folat dalamnya asam folat salah senyawa proses kehamilan wanita berperan memaksimalkan perkembangan sistem saraf otak janin meningkatkan daya tahan tubuh mengonsumsi buah naga hamil disarankan dibarengi mengonsumsi makanan kaya asam folat ikan,0
['salah manfaat terkandung buah naga asam folat melansir artikel berjudul what are the benefits of dragon fruit and how do you eat it here s what to know buah naga sekian jenis buah buahan mengandung asam folat dalamnya asam folat batal senyawa proses kehamilan wanita berperan memaksimalkan perkembangan sistem saraf otak fetus meningkatkan daya tahan tubuh mengonsumsi buah naga hamil disarankan dibarengi mengonsumsi komisariat kaya asam folat ikan'],0
['salah terkandung manfaat naga buah asam folat melansir artikel berjudul what are the benefits of dragon fruit and how do you eat it here s what know to buah sekian naga jenis buahan buah mengandung asam folat dalamnya asam salah folat proses senyawa kehamilan wanita berperan memaksimalkan perkembangan sistem saraf otak meningkatkan janin daya tahan tubuh mengonsumsi buah naga hamil disarankan mengonsumsi dibarengi makanan asam kaya folat ikan'],0
['salah manfaat terkandung buah naga asam folat melansir artikel berjudul what are benefits of dragon fruit and how do you eat it here what to know buah naga sekian jenis buah buahan asam folat dalamnya asam folat salah senyawa proses kehamilan wanita berperan memaksimalkan perkembangan sistem saraf otak janin tahan tubuh mengonsumsi buah naga hamil dibarengi mengonsumsi makanan kaya asam folat'],0
terong belanda memiliki kandungan senyawa dikenal memperlancar peredaran darah melansir situs halodoc com kandungan karotenoid antosianin buah diyakini menurukan tekanan darah mengurangi risiko terkena penyakit jantung senyawa karotenoid buah meningkatkan sensifitas insulin mengobati peradangan mengonsumsi buah diyakini menangkal radikal bebas mengurangi risiko terkena kanker terong belanda dianjurkan dikonsumsi orang menjalani program diet dikenal rendah gula memiliki kandungan serat,0
['terong belanda memiliki kandungan senyawa dikenal memperlancar peredaran darah melansir situs halodoc com kandungan karotenoid antosianin arbei diyakini menurukan tekanan darah mengurangi risiko terkena alopesia jantung senyawa karotenoid buah meningkatkan sensifitas insulin mengobati peradangan mengonsumsi buah diyakini menangkal radikal bebas mengurangi bahaya terkena kanker terong holland dianjurkan dikonsumsi orang menjalani program diet dikenal rendah gula memiliki kandungan serat'],0
['belanda terong memiliki senyawa kandungan dikenal memperlancar peredaran darah melansir situs halodoc com kandungan karotenoid antosianin buah diyakini menurukan tekanan darah mengurangi risiko terkena penyakit jantung senyawa karotenoid buah meningkatkan insulin sensifitas mengobati peradangan buah menangkal mengonsumsi diyakini radikal bebas mengurangi risiko terkena kanker terong belanda dianjurkan dikonsumsi orang menjalani program diet rendah gula memiliki dikenal serat kandungan'],0
['terong belanda memiliki kandungan senyawa dikenal memperlancar peredaran darah situs halodoc kandungan antosianin buah diyakini menurukan tekanan mengurangi risiko terkena penyakit jantung senyawa karotenoid buah meningkatkan sensifitas insulin peradangan buah diyakini menangkal radikal bebas mengurangi risiko terkena kanker terong belanda dianjurkan dikonsumsi orang menjalani program diet dikenal rendah gula memiliki kandungan serat'],0
suami sandra dewi harvey moeis ditetapkan tersangka rabu dugaan korupsi tata niaga komoditas timah wilayah izin usaha pertambangan iup pt timah tbk harvey tersangka perannya perpanjangan tangan pt rbt sandra dewi memenuhi panggilan kejagung pemeriksaan timah harvey moeis kamis kesempatan sandra tebar senyuman pamer finger heart awak media menunggungnya,0
['suami sandra dewi harvey moeis ditetapkan tersangka rabu dugaan sogokan tata niaga komoditas timah wilayah izin usaha pertambangan iup pt timah tbk harvey tersangka perannya perpanjangan tangan pt rbt sandra dewi memenuhi nama julukan kejagung pemeriksaan tin william harvey moeis kam kesempatan sandra tebar tersenyum pamer finger heart awak media menunggungnya'],0
['suami dewi sandra harvey moeis ditetapkan tersangka rabu dugaan korupsi tata komoditas niaga wilayah timah izin usaha pertambangan iup pt timah tbk harvey tersangka perpanjangan perannya tangan pt rbt sandra memenuhi dewi panggilan kejagung timah pemeriksaan harvey moeis kamis kesempatan sandra tebar senyuman pamer heart finger media awak menunggungnya'],0
['suami sandra dewi harvey moeis tersangka rabu dugaan korupsi tata niaga komoditas timah usaha pertambangan iup pt timah tbk harvey tersangka perannya perpanjangan tangan pt rbt sandra dewi panggilan kejagung pemeriksaan timah harvey moeis kamis kesempatan sandra tebar senyuman pamer finger heart media menunggungnya'],0
pengungsi rohingya diselamatkan kapal terbalik perairan aceh barat pergi meninggalkan penampungan sabtu keberadaan arakan project yayasan geutanyo lembaga swadaya fokus isu rohingya menduga pengungsi pergi malaysia bantuan penyelundup indonesia jalur penyelundupan pengungsi rohingya bertujuan malaysia direktur arakan project chris lewa sisi menilai pemerintah indonesia berbuat terkesan menutup mata maraknya penyelundupan manusia sejujurnya khawatir aceh indonesia penyelundupan chris lewa bbc news indonesia sisi indonesia perasaan senang pengungsi pergi mengurusi persoalannya pola mudah orang mencobanya terkontrol lewa satuan tugas penanganan pengungsi negeri kementerian politik hukum keamanan kemenko polhukam keputusan pengungsi pergi wilayah indonesia melampaui batas kewajiban pemerintah,0
['pelarian rohingya diselamatkan kapal terbalik perairan aceh barat pergi meninggalkan penampungan sabtu keberadaan arakan project yayasan geutanyo lembaga swadaya titik pusat isu rohingya menduga pengungsi pergi malaysia bantuan penyelundup indonesia jalur penyelundupan pengungsi rohingya bertujuan malaysia direktur arakan project chris lewa sisi menilai pemerintah indonesia berbuat terkesan menutup mata maraknya penyelundupan manusia sejujurnya khawatir aceh indonesia penyelundupan chris lewa bbc news indonesia sisi kolonial belanda perasaan senang pengungsi tinggal mengurusi persoalannya bentukan mudah orang mencobanya terkontrol lewa satuan tugas penanganan pengungsi negeri kementerian politik hukum keamanan kemenko polhukam keputusan pengungsi pergi wilayah indonesia kelulusan batas kewajiban pemerintah'],0
['pengungsi diselamatkan rohingya kapal terbalik perairan aceh barat pergi meninggalkan penampungan sabtu keberadaan arakan project yayasan geutanyo lembaga fokus swadaya isu rohingya menduga pengungsi pergi malaysia bantuan penyelundup indonesia jalur penyelundupan pengungsi rohingya bertujuan malaysia direktur arakan project chris lewa sisi menilai pemerintah berbuat indonesia menutup terkesan mata maraknya penyelundupan sejujurnya manusia khawatir aceh indonesia penyelundupan lewa chris bbc news indonesia sisi indonesia perasaan senang pengungsi pergi mengurusi persoalannya pola mudah orang mencobanya terkontrol satuan lewa tugas penanganan pengungsi negeri politik kementerian hukum keamanan kemenko polhukam keputusan pengungsi wilayah pergi indonesia melampaui batas pemerintah kewajiban'],0
['pengungsi rohingya diselamatkan kapal terbalik perairan aceh pergi penampungan sabtu keberadaan arakan project yayasan geutanyo lembaga swadaya fokus isu menduga pengungsi pergi malaysia bantuan penyelundup indonesia jalur pengungsi rohingya bertujuan malaysia direktur arakan project chris sisi menilai pemerintah berbuat terkesan menutup mata maraknya penyelundupan manusia sejujurnya khawatir indonesia penyelundupan chris lewa bbc news indonesia indonesia perasaan senang pengungsi pergi mengurusi persoalannya pola mudah orang mencobanya terkontrol lewa satuan tugas pengungsi negeri politik hukum keamanan kemenko polhukam keputusan pengungsi pergi wilayah indonesia melampaui batas kewajiban pemerintah'],0
penipuan judi online investasi bodong kamboja tujuh menargetkan orang orang negara negara asia tenggara warga negara indonesia membutuhkan pekerjaan rendi nama salah korban berasal indonesia rendi kali lowongan pekerjaan customer service kamboja facebook iming iming gaji usd rp juta orang pengalaman negeri timur rendi mencoba mencari whatsapp si penipu kontrak kerja rendi perusahaan memutuskan berangkat kamboja ingatan rendi perusahaan terletak area gedung apartemen gedung ruangan ruangan kantor flat rendi akun media sosial palsu foto model model dipekerjakan perusahaan pertemanan calon calon korbannya media sosial facebook twitter instagram aplikasi kencan targetnya perempuan perempuan negara negara asia tenggara indonesia vietnam rendi target cerita orang orang dipekerjakan situ tim enam tujuh orang ditargetkan usd rp juta ingatan rendi perusahaan terletak area gedung apartemen gedung ruangan ruangan kantor flat rendi akun media sosial palsu foto model model dipekerjakan perusahaan pertemanan calon calon korbannya media sosial facebook twitter instagram aplikasi kencan targetnya perempuan perempuan negara negara asia tenggara indonesia vietnam rendi target cerita orang orang dipekerjakan situ tim enam tujuh orang ditargetkan usd rp juta membuka lowongan kerja istilahnya agensi legal rendi wartawan bbc news indonesia nicky aulia widadio si penipu membelikan mengirimkan tiket keberangkatan rendi tanggal disepakati mei bandara langsung dijemput si penipu dibawa perusahaan berlokasi sihanoukville rendi orang staf personalia agen penyalur komisi usd rp juta orang jebak rendi mendekati orang orang potensial mencari korbannya membangun pertemanan mencari keseharian pekerjaan korban membangun hubungan asmara calon korbannya korban pelaku nyata perusahaan bersedia memodali,0
['penipuan judi online investasi bodong kamboja tujuh menargetkan orang orang negara negara asia tenggara warga negara indonesia membutuhkan pekerjaan rendi nama salah korban berasal indonesia rendi kali lowongan pekerjaan customer robert william service kamboja facebook iming iming gaji usd rp juta orang pengalaman negeri timur rendi mencoba mencari whatsapp si penipu kontrak kerja rendi perusahaan memutuskan berangkat kamboja ingatan rendi perusahaan terletak area gedung apartemen gedung ruangan ruangan kantor flat rendi akun media sosial palsu foto model model dipekerjakan perusahaan pertemanan calon calon korbannya media sosial facebook twitter instagram aplikasi kencan targetnya perempuan perempuan negara negara asia tenggara indonesia vietnam rendi target cerita orang orang dipekerjakan situ tim enam tujuh orang ditargetkan usd rp juta ingatan rendi perusahaan terletak kawasan gedung apartemen gedung ruangan ruangan kantor flat rendi akun media sosial palsu foto model pengajaran dipekerjakan perusahaan pertemanan calon calon korbannya media sosial facebook twitter instagram aplikasi kencan targetnya perempuan perempuan negara negara asia tenggara kolonial belanda vietnam rendi target cerita orang orang dipekerjakan situ tim enam tujuh orang ditargetkan usd rp juta membuka lowongan kerja istilahnya agensi legal rendi wartawan bbc news indonesia nicky aulia widadio si penipu membelikan mengirimkan tiket keberangkatan rendi tanggal disepakati mei bandara langsung dijemput si penipu dibawa perusahaan berlokasi sihanoukville rendi orang staf personalia agen penyalur komisi usd rp juta orang jebak rendi mendekati orang orang potensial mencari korbannya membangun pertemanan mencari keseharian pekerjaan korban membangun hubungan asmara calon korbannya korban pelaku nyata perusahaan bersedia memodali'],0
['penipuan judi online investasi bodong kamboja tujuh menargetkan orang orang negara negara asia tenggara warga negara indonesia membutuhkan pekerjaan rendi salah nama berasal korban indonesia rendi kali lowongan pekerjaan customer service facebook kamboja iming iming gaji usd rp juta orang pengalaman negeri timur rendi mencoba mencari whatsapp si penipu kontrak kerja rendi perusahaan berangkat memutuskan kamboja ingatan rendi perusahaan terletak area gedung apartemen ruangan gedung ruangan flat kantor rendi akun media sosial palsu foto model model dipekerjakan perusahaan pertemanan calon calon korbannya media sosial facebook twitter instagram aplikasi kencan perempuan targetnya perempuan negara asia negara tenggara indonesia vietnam rendi target cerita orang orang situ dipekerjakan tim enam tujuh orang ditargetkan usd rp juta ingatan rendi perusahaan terletak area gedung apartemen gedung ruangan ruangan kantor flat rendi akun media sosial palsu foto model model dipekerjakan perusahaan pertemanan calon calon korbannya media sosial facebook twitter instagram aplikasi kencan targetnya perempuan perempuan negara negara asia tenggara indonesia vietnam rendi target cerita orang orang dipekerjakan situ tim enam tujuh orang ditargetkan usd rp juta membuka lowongan kerja istilahnya agensi legal rendi wartawan bbc news indonesia nicky aulia widadio si penipu membelikan mengirimkan tiket keberangkatan rendi tanggal disepakati mei bandara langsung dijemput si penipu dibawa perusahaan berlokasi sihanoukville rendi orang staf personalia agen penyalur komisi usd rp juta orang jebak rendi mendekati orang orang potensial mencari korbannya membangun pertemanan mencari keseharian pekerjaan korban membangun hubungan asmara calon korbannya korban pelaku nyata perusahaan bersedia memodali'],0
['penipuan judi online investasi bodong kamboja tujuh orang orang negara negara asia tenggara warga negara indonesia membutuhkan pekerjaan rendi nama salah korban berasal indonesia rendi kali lowongan pekerjaan customer service kamboja facebook iming iming gaji usd rp juta orang pengalaman negeri timur rendi mencoba mencari whatsapp si penipu kontrak kerja rendi memutuskan berangkat kamboja ingatan rendi perusahaan terletak area gedung apartemen gedung ruangan ruangan kantor flat rendi akun media sosial palsu foto model model perusahaan pertemanan calon calon korbannya sosial facebook twitter instagram aplikasi kencan targetnya perempuan perempuan negara negara asia tenggara indonesia vietnam rendi target cerita orang orang dipekerjakan situ tim enam tujuh orang ditargetkan usd rp juta ingatan rendi perusahaan terletak area gedung apartemen gedung ruangan ruangan kantor flat rendi media palsu foto model model dipekerjakan perusahaan pertemanan calon calon korbannya media sosial facebook twitter instagram aplikasi kencan targetnya perempuan perempuan negara negara asia tenggara indonesia vietnam rendi target cerita orang orang dipekerjakan situ tim enam tujuh orang ditargetkan usd rp juta membuka lowongan kerja istilahnya agensi legal rendi wartawan bbc news indonesia nicky aulia widadio si penipu membelikan mengirimkan tiket keberangkatan rendi tanggal disepakati mei bandara langsung dijemput si penipu dibawa perusahaan berlokasi sihanoukville rendi orang staf personalia agen penyalur komisi rp juta orang jebak rendi mendekati orang potensial mencari korbannya membangun pertemanan mencari keseharian pekerjaan korban membangun hubungan asmara korban pelaku nyata perusahaan bersedia memodali'],0
perempuan skotlandia diduga menginspirasi karakter penguntit martha serial baby reindeer menggugat netflix dugaan pencemaran nama kelalaian pelanggaran privasi gugatannya fiona harvey mengidentifikasi perempuan inspirasi tokoh martha berargumen netflix kebohongan juta pemirsa dunia harvey mengajukan ganti rugi senilai us juta setara rp triliun gugatan layangkan pangadilan california as mengeklaim serial baby reindeer keliru menggambarkan penjahat menghabiskan penjara menguntit mengimbau penggemar menahan mencoba mengidentifikasi martha tergugat gugatan harvey episode mini seri mengeklaim kisah nyata kredit acara program didasarkan peristiwa nyata karakter nama insiden lokasi dialog fiksi tujuan dramatisasi harvey wawancara presenter inggris piers morgan serial menampilkan martha penguntit karya fiksi harvey menuduh netflix komedian skotlandia richard gadd penulis bintang serial berbohong menampilkannya kisah nyata harvey wawancara berbohong berbohong perempuan skotlandia berusia pernyataannya wawancara piers morgan berhasil diidentifikasi online pemirsa serial penasaran identitas perempuan menginsipirasi sosok martha wawancara harvey menuduh gadd meraup untung kesengsaraan wawancara harvey morgan langsung memicu reaksi publik stuart heritage jurnalis surat kabar inggris the guardian wawancara morgan berbau eksploitasi kotor ryan coogan menulis the independent morgan diharapkan sensitif halnya berharap ikan memanjat pohon,0
['perempuan skotlandia diduga menginspirasi karakter penguntit martha serial baby reindeer menggugat netflix dugaan pencemaran nama kelalaian pelanggaran privasi gugatannya fiona harvey mengidentifikasi perempuan inspirasi tokoh martha berargumen netflix kebohongan juta pemirsa dunia william harvey mengajukan ganti rugi senilai us juta setara rp triliun gugatan layangkan pangadilan california as mengeklaim serial baby reindeer keliru menggambarkan penjahat menghabiskan penjara menguntit mengimbau penggemar menahan mencoba mengidentifikasi martha tergugat gugatan harvey episode mini seri mengeklaim kisah nyata kredit acara program didasarkan peristiwa nyata karakter nama insiden lokasi dialog fiksi tujuan dramatisasi harvey wawancara presenter inggris piers morgan serial menampilkan martha penguntit wibawa fiksi harvey menuduh netflix komedian scotland richard gadd penulis bintang serial berbohong menampilkannya kisah nyata harvey wawancara berbohong berbohong perempuan scotland berusia pernyataannya wawancara piers morgan berhasil diidentifikasi online pemirsa serial penasaran identitas perempuan menginsipirasi sosok martha wawancara harvey menuduh gadd meraup untung kesengsaraan wawancara harvey morgan langsung memicu reaksi publik stuart heritage jurnalis surat kabar inggris the guardian wawancara j. p. morgan berbau eksploitasi kotor ryan coogan menulis the independent morgan diharapkan sensitif halnya berharap ikan memanjat pohon'],0
['perempuan diduga skotlandia menginspirasi karakter penguntit martha serial baby reindeer menggugat netflix dugaan pencemaran nama kelalaian pelanggaran privasi fiona gugatannya harvey mengidentifikasi perempuan inspirasi tokoh martha berargumen netflix kebohongan juta dunia pemirsa harvey mengajukan ganti rugi senilai us juta setara rp triliun gugatan layangkan pangadilan california as mengeklaim serial baby reindeer keliru menggambarkan penjahat menghabiskan menguntit penjara penggemar mengimbau menahan mencoba mengidentifikasi martha tergugat gugatan harvey episode mini seri mengeklaim kisah kredit nyata acara program didasarkan peristiwa nyata karakter insiden nama lokasi dialog fiksi tujuan dramatisasi harvey wawancara presenter inggris piers morgan serial martha menampilkan penguntit karya fiksi harvey menuduh netflix komedian skotlandia richard gadd penulis bintang serial berbohong menampilkannya kisah nyata harvey wawancara berbohong berbohong perempuan skotlandia berusia pernyataannya wawancara piers morgan berhasil diidentifikasi online pemirsa serial penasaran identitas perempuan menginsipirasi sosok martha wawancara harvey menuduh gadd meraup kesengsaraan untung wawancara harvey morgan langsung memicu reaksi publik stuart heritage jurnalis surat kabar inggris the guardian wawancara morgan berbau eksploitasi kotor ryan coogan menulis the independent morgan diharapkan sensitif halnya berharap ikan memanjat pohon'],0
['perempuan skotlandia diduga menginspirasi karakter penguntit martha serial baby reindeer menggugat netflix dugaan pencemaran nama kelalaian pelanggaran privasi gugatannya fiona harvey mengidentifikasi perempuan inspirasi tokoh martha berargumen netflix kebohongan juta pemirsa dunia harvey mengajukan ganti rugi senilai us juta setara rp triliun gugatan layangkan pangadilan california as mengeklaim serial baby reindeer menggambarkan penjahat menghabiskan penjara menguntit mengimbau penggemar menahan mencoba mengidentifikasi martha tergugat gugatan harvey episode mini mengeklaim kisah nyata kredit acara program didasarkan peristiwa nyata karakter nama lokasi dialog fiksi tujuan dramatisasi harvey wawancara presenter inggris morgan menampilkan martha penguntit karya fiksi harvey netflix komedian skotlandia richard gadd penulis bintang serial berbohong menampilkannya kisah nyata harvey berbohong berbohong skotlandia berusia pernyataannya wawancara piers morgan berhasil diidentifikasi online pemirsa serial penasaran identitas perempuan menginsipirasi sosok martha wawancara harvey menuduh gadd meraup untung kesengsaraan wawancara harvey morgan langsung memicu reaksi publik stuart heritage surat kabar inggris the guardian wawancara morgan berbau eksploitasi kotor ryan coogan menulis independent morgan diharapkan sensitif halnya berharap ikan memanjat pohon'],0
unggahan platform youtube mengeklaim menteri keuangan republik indonesia sri mulyani bekuk oknum bea cukai unggahan mei ribu tayangan faktanya klaim unggahan turnbackhoax id menonton video informasi mendukung klaim narasi video berisi cuplikan peristiwa berbeda berkaitan thumbnail menampilkan gambar sri mulyani airlangga hartarto kontainer belakangnya momen menteri keuangan sri mulyani indrawati menko perekonomian airlangga hartarto mengunjungi jakarta international container terminal jitc pelabuhan tanjung priok kunjungan terkait barang menumpuk pelabuhan narasi dibacakan video bersumber artikel kompas com berjudul sri mulyani panjat truk kontainer bawa barang impor pelabuhan tanjung priok artikel membahas menteri keuangan sri mulyani memanjat truk kontainer meninjau pengeluaran truk membawa barang impor jict pelabuhan tanjung priok sabtu mei,0
['unggahan platform youtube mengeklaim menteri keuangan republik indonesia sri mulyani bekuk oknum bea pabean unggahan mei ribu tayangan faktanya klaim unggahan turnbackhoax id menonton video maklumat mendukung klaim narasi video berisi cuplikan peristiwa berbeda berkaitan thumbnail menampilkan gambar sri mulyani airlangga hartarto kontainer belakangnya momen menteri keuangan sri mulyani indrawati menko perekonomian airlangga hartarto mengunjungi jakarta international container terminal jitc pelabuhan tanjung priok kunjungan terkait barang menumpuk pelabuhan narasi dibacakan video bersumber artikel kompas com berjudul sri mulyani panjat truk kontainer bawa barang impor pelabuhan tanjung priok artikel membahas menteri keuangan sri mulyani memanjat truk kontainer meninjau pembuangan truk membawa barang impor jict dermaga tanjung priok sabtu ume'],0
['platform unggahan youtube mengeklaim menteri keuangan republik indonesia sri mulyani bekuk oknum bea cukai unggahan mei ribu tayangan faktanya klaim unggahan turnbackhoax id menonton video mendukung informasi klaim narasi video berisi cuplikan peristiwa berbeda berkaitan thumbnail menampilkan gambar sri mulyani airlangga hartarto kontainer momen belakangnya menteri sri keuangan mulyani indrawati menko perekonomian airlangga hartarto jakarta mengunjungi international container terminal jitc pelabuhan tanjung priok kunjungan terkait barang menumpuk pelabuhan narasi dibacakan video bersumber artikel kompas com berjudul sri mulyani panjat truk bawa kontainer barang impor pelabuhan tanjung priok artikel membahas menteri keuangan sri memanjat mulyani truk kontainer meninjau pengeluaran truk membawa barang pelabuhan impor jict priok tanjung sabtu mei'],0
['unggahan platform youtube mengeklaim menteri keuangan republik indonesia sri mulyani bekuk oknum bea unggahan mei ribu tayangan faktanya klaim unggahan id menonton video informasi klaim narasi video berisi peristiwa berbeda berkaitan thumbnail gambar sri mulyani airlangga hartarto belakangnya momen menteri keuangan sri mulyani indrawati menko airlangga hartarto mengunjungi international container terminal jitc pelabuhan tanjung kunjungan terkait barang menumpuk pelabuhan narasi dibacakan video bersumber artikel kompas com sri mulyani panjat truk kontainer bawa barang impor pelabuhan tanjung priok artikel membahas menteri keuangan sri mulyani memanjat truk kontainer meninjau pengeluaran truk membawa barang impor jict pelabuhan tanjung priok sabtu mei'],0
kelompok milisi palestina hamas melancarkan serangan israel oktober aksi mengerahkan ratusan pasukan bersenjata menyusup lingkungan warga sipil israel jalur gaza serangan warga israel meninggal dunia tentara warga sipil perempuan anak anak dibawa gaza sandera berdasarkan catatan militer israel sisi palestina warga gaza tewas akibat serangan udara artileri militer israel balasan serangan hamas pasukan israel berkumpul perbatasan gaza menteri pertahanan israel yoav gallant aksi militer gaza memakan hamas,0
['kelompok milisi palestina hamas melancarkan serangan israel okt aksi mengerahkan ratusan tim bersenjata menyusup lingkungan warga sipil israel jalur gaza serangan warga israel meninggal dunia tentara warga sipil perempuan anak anak dibawa gaza sandera berdasarkan catatan militer israel sisi palestina ahli gaza strip tewas akibat serangan udara artileri militer zion balasan serangan hamas divisi israel berkumpul perbatasan gaza menteri benteng yisrael yoav gallant tindakan militer gaza memakan hamas'],0
['kelompok milisi palestina hamas melancarkan serangan israel aksi oktober mengerahkan ratusan pasukan bersenjata menyusup warga lingkungan sipil gaza israel jalur serangan warga meninggal israel dunia tentara warga sipil anak perempuan dibawa anak gaza sandera catatan berdasarkan militer israel sisi warga palestina gaza tewas akibat serangan udara artileri militer israel serangan balasan hamas pasukan israel berkumpul perbatasan gaza menteri pertahanan israel yoav gallant aksi militer gaza memakan hamas'],0
['milisi palestina hamas melancarkan serangan israel aksi mengerahkan ratusan pasukan bersenjata menyusup lingkungan warga sipil israel jalur gaza serangan warga israel meninggal dunia tentara sipil perempuan anak anak dibawa gaza sandera berdasarkan catatan militer sisi palestina warga gaza tewas serangan udara artileri militer israel balasan serangan hamas pasukan israel berkumpul gaza menteri pertahanan yoav gallant aksi militer gaza memakan hamas'],0
investigasi bbc rantai pasok parfum musim panas menemukan melati perusahaan pemasok lanc me aerin beauty dipetik anak anak umur merek parfum mewah klaim toleransi praktik mempekerjakan anak l or al pemilik lanc me menyebut berkomitmen menghormati hak asasi manusia est e lauder pemilik aerin beauty keterangan perusahaan pemasok melati parfum lanc me id le l intense ikat jasmine limone sicilia milik aerin beauty berasal mesir negara memproduksi separuh pasokan bunga melati dunia melati bahan utama parfum,0
['investigasi bbc rantai pasok aroma musim panas menemukan melati perusahaan pemasok lanc me aerin beauty dipetik anak anak lawas merek wangi mewah klaim toleransi praktik mempekerjakan anak l or al empunya lanc me menyebut berkomitmen menghormati hak asasi manusia est e lauder pemilik aerin beauty keterangan perusahaan pemasok melati minyak wangi lanc me id le l intense ikat jasmine limone sicilia milik aerin beauty berasal mesir negara memproduksi separuh pembekalan bunga melati dunia melati bahan utama parfum'],0
['investigasi bbc rantai pasok parfum musim panas menemukan melati perusahaan pemasok me lanc beauty aerin dipetik anak anak umur merek parfum mewah klaim toleransi praktik mempekerjakan anak l or al pemilik lanc me menyebut berkomitmen menghormati hak manusia asasi est e lauder pemilik beauty aerin keterangan pemasok perusahaan melati parfum lanc id me le l intense ikat jasmine sicilia limone aerin beauty milik berasal mesir memproduksi negara separuh pasokan bunga melati dunia melati bahan utama parfum'],0
['investigasi bbc rantai pasok parfum musim panas menemukan melati perusahaan pemasok lanc me aerin beauty dipetik umur merek parfum mewah klaim toleransi praktik mempekerjakan anak l or al pemilik lanc me berkomitmen menghormati hak asasi manusia e lauder pemilik aerin beauty keterangan perusahaan pemasok melati parfum lanc me id le l ikat jasmine limone sicilia milik aerin mesir negara memproduksi separuh pasokan bunga melati melati bahan utama parfum'],0
smk terlibat program kerja ditjen pendidikan vokasi kemendikbudristek pt gamecomm indonesia networks meliputi sekolah tersebar jakarta bekasi bogor tangerang smk terlibat smk smk konsentrasi keahlian meliputi multimedia rekayasa perangkat lunak desain komunikasi visual dirjen pendidikan vokasi kemendikbudristek kiki yuliati kerja satuan pendidikan vokasi salah indiustri gim strategis industri gim memiliki potensi berkontribusi perekonomian indonesia industri gim memiliki ranah bidang pekerjaan luas,0
['smk terlibat program kerja ditjen pendidikan vokasi kemendikbudristek pt gamecomm indonesia networks meliputi sekolah tersebar jakarta bekasi bogor tangerang smk terlibat smk smk konsentrasi layak meliputi multimedia rekayasa perangkat lunak desain komunikasi visual dirjen pendidikan vokasi kemendikbudristek kiki yuliati kerja satuan pendidikan vokasi salah indiustri gim strategis industri gimnasium memiliki potensi berkontribusi perekonomian indonesia perniagaan gimnasium memiliki ranah bidang pekerjaan luas'],0
['terlibat smk program kerja ditjen pendidikan vokasi kemendikbudristek pt gamecomm indonesia networks meliputi sekolah jakarta tersebar bekasi bogor tangerang smk terlibat smk smk konsentrasi keahlian multimedia meliputi rekayasa perangkat lunak desain komunikasi visual dirjen pendidikan vokasi kiki kemendikbudristek yuliati kerja satuan pendidikan vokasi salah indiustri gim strategis industri gim memiliki potensi berkontribusi indonesia perekonomian industri gim memiliki ranah bidang luas pekerjaan'],0
['smk terlibat program kerja ditjen pendidikan vokasi kemendikbudristek pt gamecomm indonesia networks meliputi sekolah tersebar jakarta bekasi tangerang terlibat smk smk konsentrasi keahlian meliputi multimedia rekayasa perangkat lunak komunikasi visual dirjen pendidikan vokasi kiki yuliati satuan vokasi salah indiustri gim strategis industri gim memiliki potensi berkontribusi perekonomian indonesia industri gim memiliki ranah bidang luas'],0
bapanas menetapkan het beras sesuai wilayah wilayah jawa lampung sumatera selatan bapanas mematok het beras medium rp kilogram het beras premium rp kilogram wilayah aceh sumatera utara sumatera barat bengkulu riau kepulauan riau jambi kepulauan bangka belitung het beras medium dipatok rp kilogram het beras premium rp kilogram het beras wilayah bali nusa tenggara barat dipatok rp kilogram beras medium het beras premium rp kilogram wilayah nusa tenggara timur het beras medium rp kilogram het beras premium rp kilogram wilayah sulawesi het beras medium ditetapkan rp kilogram het beras premium rp kilogram wilayah kalimantan het beras medium dipatok rp kilogram het beras premium rp kilogram wilayah maluku het beras medium ditetapkan rp kilogram het beras premium rp kilogram wilayah papua pemerintah menetapkan het beras medium dipatok rp kilogram het beras premium rp kilogram,0
['bapanas menetapkan het nasi sesuai wilayah wilayah jawa lampung sumatera selatan bapanas mematok het beras medium rp kilogram het beras premium rp kilogram wilayah aceh sumatera utara sumatera barat bengkulu riau kepulauan riau jambi kepulauan bangka belitung het beras medium dipatok rp kilogram het beras premium rp kilogram het beras wilayah bali nusa tenggara barat dipatok rp kilogram beras medium het beras premium rp kilo bagian nusa tenggara timur het beras medium rp kilo het beras premium rp kilogram wilayah sulawesi het beras medium ditetapkan rp kilogram het beras premium rp kilogram bidang kalimantan het beras medium dipatok rp kilogram het beras premium rp kilo wilayah maluku het beras medium ditetapkan rp kilogram het beras premium rp kilogram wilayah papua pemerintah menetapkan het beras medium dipatok rp kilogram het beras premium rp kilogram'],0
['bapanas menetapkan het beras sesuai wilayah wilayah jawa lampung sumatera selatan bapanas mematok het beras medium rp kilogram het beras premium rp kilogram wilayah aceh sumatera utara sumatera bengkulu barat riau kepulauan riau jambi kepulauan bangka belitung beras het medium dipatok rp kilogram het beras premium rp het kilogram beras wilayah bali nusa tenggara dipatok barat rp kilogram beras medium het beras premium rp kilogram wilayah nusa tenggara timur het beras medium rp het kilogram beras premium rp kilogram wilayah sulawesi het beras medium ditetapkan rp kilogram het beras premium kilogram rp wilayah kalimantan het beras dipatok medium rp het kilogram beras premium rp wilayah kilogram maluku het beras medium ditetapkan rp kilogram het beras premium rp kilogram wilayah papua pemerintah menetapkan het beras medium rp dipatok kilogram het beras premium rp kilogram'],0
['bapanas menetapkan het beras sesuai wilayah jawa lampung sumatera selatan bapanas mematok het beras medium rp kilogram het beras premium rp kilogram wilayah sumatera utara sumatera barat bengkulu riau kepulauan riau jambi kepulauan bangka belitung het beras medium dipatok rp kilogram het beras rp kilogram het beras nusa tenggara barat dipatok rp kilogram beras het beras premium rp kilogram wilayah nusa tenggara timur het beras medium rp het beras premium rp kilogram wilayah sulawesi het beras medium ditetapkan rp kilogram beras premium rp kilogram wilayah kalimantan het beras medium dipatok rp kilogram het beras premium rp kilogram wilayah maluku het medium ditetapkan rp kilogram het beras premium rp kilogram papua pemerintah menetapkan het beras medium dipatok rp kilogram het beras premium rp kilogram'],0
berdasarkan data dihimpun kompas com panel harga badan pangan nasional harga cabai rawit merah kilogram mengalami kenaikan rp persen dibandingkan kemarin rp rp maluku menyumbang kenaikan tertinggi harga cabai rawit merah dipatok rp kilogram harga mengalami kenaikan rp persen dibandingkan harga tertinggi minggu rp dibandingkan harga cabai rawit merah mengalami kenaikan rp persen dibanding harga tertinggi rp,0
['berdasarkan data dihimpun jangka com panel harga badan pangan nasional harga cabai rawit merah kilogram mengalami kenaikan rp persen dibandingkan kemarin rp rp maluku menyumbang kenaikan tertinggi harga cili rawit merah dipatok rp kilogram harga mengalami kenaikan rp persen dibandingkan harga tertinggi minggu rp dibandingkan harga paprika rawit merah mengalami kenaikan rp persen dibanding harga tertinggi rp'],0
['Data berdasarkan dihimpun kompas com panel harga badan pangan nasional harga cabai rawit kilogram merah kenaikan mengalami rp persen dibandingkan kemarin rp maluku rp menyumbang kenaikan tertinggi harga rawit cabai merah dipatok rp kilogram harga kenaikan mengalami rp persen dibandingkan harga tertinggi minggu rp dibandingkan cabai rawit harga merah mengalami kenaikan rp persen harga dibanding rp tertinggi'],0
['berdasarkan data dihimpun kompas com panel harga badan pangan nasional harga cabai rawit merah kilogram mengalami kenaikan rp persen dibandingkan rp rp maluku menyumbang kenaikan tertinggi harga cabai rawit merah dipatok rp harga mengalami kenaikan rp persen dibandingkan harga tertinggi dibandingkan cabai rawit merah mengalami kenaikan rp persen dibanding harga tertinggi'],0
orang orang berlari memecahkan rekor dunia bilang berlari puncak dunia phunjo jhangmu tertawa lebar butuh jam menit mendaki base camp puncak gunung everest bahagia puncak bahagia bintik bintik hitam tanda paparan suhu dingin ekstrem wajahnya sepekan pendakiannya memecahkan rekor tunggal berusia mengunjungi kantor bbc kathmandu berbagi kisahnya kehilangan ibunya berusia dirawat kakeknya mengenyam pendidikan resmi menghabiskan delapan kecilnya menggembala yak hewan sejenis kerbau merumput distrik gorkha terletak kaki pegunungan himalaya nepal kanak kanak mengaku impian muluk muluk berusia memutuskan mengikuti jejak langkah saudara perempuannya pergi kota nepal kathmandu bikkhuni tinggal as nepal penyelamat perempuan negara menyelamatkan pendaki gunung terluka tali terpasang helikopter,0
['orang orang berlari memecahkan rekor dunia bilang berlari puncak dunia phunjo jhangmu tertawa lebar butuh jam menit mendaki base camp ban gunung everest bahagia puncak bahagia bintik bintik hitam tanda paparan suhu dingin ekstrem wajahnya sepekan pendakiannya memecahkan rekor tunggal berusia mengunjungi kantor bbc kathmandu berbagi kisahnya kehilangan ibunya berusia dirawat kakeknya mengenyam pendidikan resmi menghabiskan delapan kecilnya menggembala yak hewan sejenis kerbau merumput distrik gorkha terletak kaki pegunungan himalaya nepal kanak kanak mengaku impian muluk muluk berusia memutuskan mengikuti jejak langkah saudara perempuannya pergi metropolis nepal kathmandu bikkhuni tinggal as nepal penyelamat perempuan negara menyelamatkan pemanjat gunung terluka tali terpasang helikopter'],0
['orang orang berlari memecahkan rekor dunia bilang berlari puncak dunia phunjo jhangmu lebar tertawa butuh menit jam mendaki base camp gunung puncak everest bahagia puncak bahagia bintik bintik hitam tanda paparan suhu dingin ekstrem wajahnya sepekan pendakiannya memecahkan rekor berusia tunggal mengunjungi kantor bbc berbagi kathmandu kisahnya kehilangan berusia ibunya dirawat mengenyam kakeknya pendidikan resmi menghabiskan delapan kecilnya menggembala yak hewan sejenis kerbau merumput distrik terletak gorkha kaki pegunungan himalaya nepal kanak kanak mengaku impian muluk muluk berusia memutuskan mengikuti jejak langkah saudara perempuannya pergi kota nepal kathmandu bikkhuni tinggal as nepal penyelamat perempuan negara menyelamatkan pendaki gunung terluka tali terpasang helikopter'],0
['orang orang berlari memecahkan rekor dunia berlari puncak dunia phunjo jhangmu tertawa butuh menit mendaki base camp puncak gunung everest bahagia bahagia bintik bintik tanda paparan suhu dingin ekstrem sepekan pendakiannya memecahkan tunggal berusia mengunjungi kantor bbc kathmandu berbagi kisahnya kehilangan ibunya berusia dirawat kakeknya pendidikan resmi menghabiskan delapan kecilnya menggembala yak hewan sejenis kerbau merumput distrik gorkha terletak kaki pegunungan himalaya nepal kanak kanak mengaku impian muluk muluk berusia mengikuti jejak langkah saudara perempuannya pergi kota nepal kathmandu bikkhuni tinggal as nepal penyelamat perempuan menyelamatkan pendaki gunung terluka tali terpasang helikopter'],0
mantan menteri pendidikan kebudayaan mendikbud anies baswedan berpandangan keluarga kalangan ekonomi menengah kesulitan biaya uang kuliah tunggal ukt mahal anies keluarga kelas menengah nasib berbeda keluarga makmur membiayai kuliah keluarga miskin memperoleh beasiswa berkuliah masyarakat makmur keluarga makmur sanggup membiayai berlatar keluarga miskin program bantuannya kesulitan mahasiswa keluarga dibilang miskin miskin dibilang makmur keluarganya makmur anies muara jakarta utara minggu anies menilai alokasi anggaran pendidikan ditambah mengurangi beban keluarga kondisi ekonominya menengah,0
['mantan menteri pendidikan budaya mendikbud anies baswedan berpandangan keluarga kalangan ekonomi menengah kesulitan biaya uang kuliah tunggal ukt mahal anies keluarga kelas menengah nasib berbeda keluarga makmur membiayai kuliah keluarga miskin memperoleh beasiswa berkuliah masyarakat makmur keluarga makmur sanggup membiayai berlatar keluarga miskin program bantuannya kesulitan mahasiswa keluarga dibilang miskin sarit dibilang makmur keluarganya makmur anies muara djakarta utara minggu anies menilai alokasi anggaran pedagogi ditambah mengurangi beban keluarga kondisi ekonominya menengah'],0
['mantan menteri kebudayaan pendidikan mendikbud anies berpandangan baswedan keluarga kalangan ekonomi menengah kesulitan biaya uang kuliah tunggal mahal ukt anies keluarga kelas menengah nasib keluarga berbeda makmur membiayai kuliah keluarga miskin memperoleh berkuliah beasiswa keluarga masyarakat makmur makmur sanggup membiayai berlatar keluarga miskin bantuannya program kesulitan mahasiswa keluarga dibilang miskin miskin dibilang makmur keluarganya makmur anies muara jakarta utara minggu anies menilai alokasi anggaran pendidikan mengurangi ditambah keluarga beban kondisi ekonominya menengah'],0
['mantan menteri pendidikan kebudayaan mendikbud anies baswedan keluarga kalangan ekonomi menengah kesulitan biaya uang kuliah tunggal ukt mahal kelas menengah nasib berbeda keluarga makmur membiayai kuliah keluarga miskin memperoleh berkuliah masyarakat makmur keluarga makmur sanggup membiayai berlatar keluarga miskin bantuannya kesulitan mahasiswa keluarga dibilang miskin miskin makmur keluarganya makmur anies muara jakarta utara anies alokasi anggaran pendidikan ditambah mengurangi beban keluarga kondisi ekonominya menengah'],0
julukan pala papua anak tiri melekat proses perdagangannya menguntungkan petani pala fakfak daerah penghasil pala papua barat dimonopoli pengepul pedagang pala papua myristica argenta warb berbentuk lonjong berbeda pala bulat myristica fragrans houtt kepulauan maluku pala bulat myristica fragrans houtt dibudidayakan aromanya kuat dapur indonesia,0
['julukan pala papua anak tiri melekat proses perdagangannya menguntungkan pesawah pala fakfak daerah pembuat pala papua barat dimonopoli pengepul pedagang pala papua myristica argenta warb berbentuk lonjong berbeda pala bulat myristica fragrans houtt kepulauan maluku pala bulat myristica fragrans houtt dibudidayakan aromanya kuat dapur indonesia'],0
['julukan pala anak papua tiri melekat proses perdagangannya menguntungkan petani pala fakfak daerah penghasil pala papua barat dimonopoli pengepul pala pedagang myristica papua argenta warb berbentuk berbeda lonjong pala fragrans bulat myristica houtt kepulauan bulat maluku pala myristica fragrans dibudidayakan houtt aromanya kuat dapur indonesia'],0
['julukan papua anak tiri melekat proses perdagangannya menguntungkan petani pala fakfak daerah penghasil pala papua barat dimonopoli pengepul pedagang pala papua myristica warb berbentuk lonjong berbeda pala myristica fragrans houtt kepulauan maluku bulat myristica fragrans houtt dibudidayakan aromanya kuat dapur'],0
sistem pembelajaran daring diselenggarakan binus university binus online berkiprah sektor pendidikan tanah air wujud syukur perjalanan berkarya negeri binus online berkomitmen memperluas akses pendidikan ilmu berkualitas diwujudkan binus online meluncurkan konten pembelajaran gratis diakses masyarakat inisiatif sejalan visi binus a world class university fostering and empowering the society in building and serving the nation chief operating officer of bina nusantara stephen wahyudi santoso binus online mendukung visi misi binus higher education diwujudkan pendidikan berkualitas kesempatan masyarakat mengenyam pendidikan jenjang stephen rilis diterima kompas com jumat konten pembelajaran dihadirkan binus online salah kontribusi upaya tantangan pemerataan pendidikan tanah air,0
['pertubuhan pembelajaran daring diselenggarakan binus university binus online berkiprah sektor pendidikan tanah air wujud syukur perjalanan berkarya negeri binus online berkomitmen memperluas akses pendidikan ilmu berkualitas diwujudkan binus online meluncurkan konten pembelajaran gratis diakses masyarakat inisiatif sejalan visi binus a world class university fostering and empowering the society in building and serving the nation chief operating officer of bina nusantara stephen wahyudi santoso binus online mendukung visi badan perwakilan binus higher education diwujudkan pendidikan berkualitas kesempatan masyarakat mengenyam pendidikan jenjang stephen rilis diterima kompas com jumat konten pembelajaran dihadirkan binus online salah kontribusi upaya tantangan pemerataan pendidikan tanah air'],0
['sistem daring pembelajaran diselenggarakan binus university binus online berkiprah sektor pendidikan air tanah wujud syukur perjalanan berkarya negeri binus berkomitmen online memperluas akses pendidikan ilmu berkualitas diwujudkan binus online meluncurkan konten pembelajaran diakses gratis masyarakat inisiatif sejalan visi binus a world class fostering university and empowering the society in building and serving the nation chief operating officer of nusantara bina stephen wahyudi binus santoso online mendukung misi visi binus higher education diwujudkan berkualitas pendidikan kesempatan masyarakat mengenyam pendidikan jenjang stephen diterima rilis kompas com jumat konten pembelajaran dihadirkan binus online salah kontribusi upaya tantangan pemerataan pendidikan tanah air'],0
['sistem pembelajaran daring diselenggarakan binus university online berkiprah pendidikan tanah air syukur perjalanan berkarya negeri binus online berkomitmen memperluas akses pendidikan berkualitas binus online meluncurkan konten pembelajaran gratis diakses masyarakat inisiatif sejalan visi binus a world class university fostering and empowering the in and serving the nation chief operating officer of nusantara stephen wahyudi binus online mendukung visi misi binus higher education diwujudkan pendidikan berkualitas kesempatan masyarakat mengenyam pendidikan jenjang stephen rilis diterima kompas com jumat konten pembelajaran dihadirkan binus online salah kontribusi upaya tantangan pendidikan tanah air'],0
